v3.5.158;8862
v3.5.159;8866
v3.5.160;8902
v3.5.161;8907
v3.5.162;8908
v3.5.163;8908
v3.5.164;8933
v3.5.165;8931
v3.5.166;8959
v4.0.0;6689
v4.0.44;9037
v4.0.45;9039
v4.0.46;9040
v4.0.47;9039
v4.0.48;9045
v4.0.49;9044
v4.0.50;9044
v4.0.51;9087
v4.0.52;9042
v4.0.53;9040
v4.0.54;9040
v4.0.55;9041
v4.0.56;9045
v4.0.57;9044
v4.0.58;9058
v4.0.59;9057
v4.0.60;9057
v4.0.61;9057
v4.0.62;9113
v4.0.63;9113
v4.0.64;9124
v4.0.65;9124
v4.0.66;9154
v4.0.67;9163
v4.0.68;9163
v4.0.69;9187
v4.0.70;9245
v4.0.71;9399
v4.0.72;9396
v4.0.73;9397
v4.0.74;9397
v4.0.75;9397